{
    "analysis_timestamp": "2025-05-19 00:45:06",
    "model_performance": {
        "accuracy": 0.9983351831298557,
        "precision": 1.0,
        "recall": 0.9230769230769231,
        "f1_score": 0.96
    },
    "anomaly_summary": {
        "total_packets": 6005,
        "total_anomalies": 122,
        "anomaly_percentage": 2.031640299750208,
        "anomalies_by_type": {
            "1": 122
        },
        "source_ips": [
            "1706394096",
            "1099104530",
            "978183196",
            "1656465270",
            "2159248539",
            "3094711661",
            "1350826542",
            "235924752",
            "446756872",
            "1601944704",
            "947826471",
            "1468590946",
            "1144764801",
            "4103966607",
            "2297110329",
            "1823521756",
            "1047139874",
            "1657018827",
            "4069288013",
            "97182635",
            "1231737387",
            "2963546087",
            "761887435",
            "3716784501",
            "4138917602",
            "3989601350",
            "1029968422",
            "101889362",
            "3069696564",
            "4036777096",
            "1105754372",
            "2135130258",
            "1671013277",
            "4225341996",
            "3873156710",
            "1469628493",
            "1503659116",
            "3716920989",
            "3462882505",
            "3588484693",
            "3660005938",
            "1126108872",
            "4138906217",
            "2723232743",
            "1943056932",
            "2544630534",
            "639396989",
            "1727043674",
            "3944090532",
            "28832641",
            "2446734544",
            "2417083766",
            "2153993350",
            "3847976294",
            "3796279361",
            "133170805",
            "2570295409",
            "3379358781",
            "3019317011",
            "1469299509",
            "2578232627",
            "3742181998",
            "1483766141",
            "3274044568",
            "3663289800",
            "3216306902",
            "1458512339",
            "1987963301",
            "3145884655",
            "794585473",
            "788008799",
            "1579271136",
            "420120840",
            "2979103103",
            "966325444",
            "2638457234",
            "4187871335",
            "2451929992",
            "2467946393",
            "602249882",
            "3378514037",
            "1678454617",
            "1480011031",
            "4248717498",
            "1411979025",
            "2202966987",
            "3496126236",
            "1027769550",
            "996323219",
            "4234850566",
            "2271279554",
            "2028491531",
            "4247017035",
            "435687739",
            "1781493307",
            "40959413",
            "3105238636",
            "4088885554",
            "3026574854",
            "1230434093",
            "1959267182",
            "4124399075",
            "3173976375",
            "2471094036",
            "2146706373",
            "4105822261",
            "2137690290",
            "464754303",
            "3001190985",
            "382698998",
            "1157878667",
            "1696160576",
            "1447171518",
            "2000180132",
            "2475590452",
            "741327516",
            "668917290",
            "73083511",
            "3470323953",
            "1622424139",
            "3565980782",
            "185426479"
        ],
        "destination_ips": [
            "991803528",
            "2690339726",
            "253077895",
            "2580534352",
            "4061440840",
            "1932522429",
            "2715227778",
            "492038256",
            "2007748203",
            "3959547178",
            "2128808012",
            "3829102922",
            "686524816",
            "501707919",
            "2705575485",
            "1465670538",
            "277206442",
            "2272267288",
            "1899635383",
            "3743766234",
            "4252065717",
            "880425495",
            "2618456349",
            "1185559843",
            "1187625877",
            "1170677245",
            "1959314651",
            "2963772136",
            "997813843",
            "2259168673",
            "1926465490",
            "3341990928",
            "1502288111",
            "478723036",
            "2401635265",
            "2607269098",
            "3811610165",
            "915172556",
            "923717236",
            "2512477588",
            "4109324571",
            "1812749532",
            "879403716",
            "2618530345",
            "2495340661",
            "995377437",
            "2152594631",
            "1605217060",
            "2967679049",
            "239824149",
            "1182206253",
            "1677479634",
            "2799849364",
            "4062976874",
            "3626275357",
            "3437195829",
            "1197337718",
            "1157735673",
            "2879148395",
            "859511851",
            "2929681505",
            "3393294568",
            "3002309261",
            "2943874498",
            "3084497005",
            "776778834",
            "3410678611",
            "3046211281",
            "1070544208",
            "3401391530",
            "370532410",
            "517554369",
            "2672041601",
            "4062740051",
            "1109087710",
            "2119985097",
            "2083340279",
            "544328148",
            "2910540816",
            "161343964",
            "3382599158",
            "456007393",
            "2376487020",
            "1872236090",
            "877228242",
            "1282189187",
            "102359388",
            "732208906",
            "1976755975",
            "3615520430",
            "100106494",
            "4099890719",
            "3068201790",
            "2520380687",
            "449267094",
            "2260629923",
            "4264554839",
            "3535194663",
            "3657910336",
            "828881928",
            "2045777576",
            "1927372796",
            "2425064624",
            "2820081370",
            "1914034837",
            "3530244057",
            "3533621640",
            "3817394275",
            "2979489678",
            "4209725175",
            "1870176183",
            "3108222277",
            "1824998949",
            "2247285362",
            "4240849325",
            "3899181235",
            "2103977977",
            "2584813058",
            "549638268",
            "1469765527",
            "1473969704",
            "4227057120"
        ],
        "protocol_distribution": {
            "1": 5895,
            "2": 41,
            "3": 39,
            "0": 30
        },
        "last_anomaly_seen": "2025-05-18 19:05:29.923563"
    }
}