{
    "analysis_timestamp": "2025-05-20 22:45:29",
    "model_performance": {
        "accuracy": 0.9252422704199353,
        "precision": 0.5294117647058824,
        "recall": 0.5722543352601156,
        "f1_score": 0.55
    },
    "anomaly_summary": {
        "total_packets": 7221,
        "total_anomalies": 631,
        "anomaly_percentage": 8.738401883395651,
        "anomalies_by_type": {
            "1": 631
        },
        "source_ips": [
            "2886795726",
            "2886799315",
            "2886796832",
            "225179194",
            "2886797417",
            "312599905",
            "2886797523",
            "2886798070",
            "2886798315",
            "2886797646",
            "2886797681",
            "2886795898",
            "3639550130",
            "1822358274",
            "2886798545",
            "2886798867",
            "2527795978",
            "2886797647",
            "2886797801",
            "2886797382",
            "2886798451",
            "2886797371",
            "1091062882",
            "2739310340",
            "241307658",
            "3088870685",
            "2886795967",
            "2890006755",
            "2886797979",
            "2886797055",
            "223982106",
            "2886797612",
            "285770587",
            "2886796781",
            "2886796824",
            "3639551157",
            "2886797319",
            "2886797815",
            "2886797867",
            "2886748686",
            "2886795630",
            "2886797476",
            "2886798140",
            "2886798342",
            "2886797898",
            "2886797585",
            "2886797693",
            "2886797919",
            "2886797577",
            "2886797989",
            "2886797590",
            "2886797619",
            "3112025698",
            "2886797969",
            "2886798314",
            "2886795547",
            "884529007",
            "2886795439",
            "2886748700",
            "2886730274",
            "2886797413",
            "2886798885",
            "2886797791",
            "2886796998",
            "2886797564",
            "2886799106",
            "2398798883",
            "2886797677",
            "2886795988",
            "2886799201",
            "2398801166",
            "2886797065",
            "2398798850",
            "2886797545",
            "2886798441",
            "2886797967",
            "2398768547"
        ],
        "destination_ips": [
            "4026531834",
            "3758096635",
            "1822358398",
            "225179194",
            "2886796832",
            "4294967295",
            "921150152",
            "1249739348",
            "921142840",
            "3758096636",
            "2886799359",
            "241307658",
            "580948159",
            "223982106",
            "3763162445",
            "3758096615",
            "4026492434",
            "87679997",
            "572819915",
            "598199193",
            "580216017",
            "1091062794",
            "578343035"
        ],
        "protocol_distribution": {
            "0": 6141,
            "1": 1080
        },
        "last_anomaly_seen": "2025-05-20 22:45:03.470730"
    }
}